{"loss": [1.1689743995666504, 0.45235201716423035, 0.2756081521511078, 0.19238100945949554, 0.1336418241262436, 0.11016318202018738, 0.09119078516960144, 0.08002931624650955, 0.06768104434013367, 0.05771893262863159], "accuracy": [0.6633970737457275, 0.8577304482460022, 0.910944938659668, 0.9361138939857483, 0.955184817314148, 0.964590847492218, 0.9693081974983215, 0.9730188250541687, 0.9773047566413879, 0.9818495512008667], "val_loss": [0.5713845491409302, 0.33501577377319336, 0.2399708479642868, 0.20775286853313446, 0.30564525723457336, 0.21530771255493164, 0.14806944131851196, 0.2631969153881073, 0.18173566460609436, 0.1719156801700592], "val_accuracy": [0.8127948641777039, 0.8881601691246033, 0.9217581152915955, 0.9317684769630432, 0.9073754549026489, 0.9409734010696411, 0.9566217660903931, 0.9253250360488892, 0.9510988593101501, 0.9515590667724609]}